{
    "43.15068493150685": 108,
    "0.0": 96,
    "215.75342465753425": 195,
    "258.9041095890411": 92,
    "129.45205479452056": 11,
    "172.6027397260274": 40,
    "345.2054794520548": 4,
    "86.3013698630137": 10,
    "302.05479452054794": 1,
    "noise_list": [
        43.15068493150685,
        0.0,
        43.15068493150685,
        215.75342465753425,
        0.0,
        258.9041095890411,
        0.0,
        43.15068493150685,
        43.15068493150685,
        215.75342465753425,
        215.75342465753425,
        258.9041095890411,
        215.75342465753425,
        258.9041095890411,
        215.75342465753425,
        258.9041095890411,
        215.75342465753425,
        258.9041095890411,
        0.0,
        258.9041095890411,
        215.75342465753425,
        258.9041095890411,
        43.15068493150685,
        43.15068493150685,
        215.75342465753425,
        43.15068493150685,
        215.75342465753425,
        0.0,
        129.45205479452056,
        258.9041095890411,
        0.0,
        43.15068493150685,
        129.45205479452056,
        215.75342465753425,
        43.15068493150685,
        172.6027397260274,
        43.15068493150685,
        215.75342465753425,
        258.9041095890411,
        215.75342465753425,
        172.6027397260274,
        215.75342465753425,
        0.0,
        215.75342465753425,
        258.9041095890411,
        0.0,
        258.9041095890411,
        215.75342465753425,
        43.15068493150685,
        129.45205479452056,
        172.6027397260274,
        215.75342465753425,
        0.0,
        215.75342465753425,
        345.2054794520548,
        129.45205479452056,
        215.75342465753425,
        0.0,
        172.6027397260274,
        215.75342465753425,
        258.9041095890411,
        0.0,
        43.15068493150685,
        258.9041095890411,
        215.75342465753425,
        215.75342465753425,
        215.75342465753425,
        345.2054794520548,
        215.75342465753425,
        172.6027397260274,
        215.75342465753425,
        258.9041095890411,
        215.75342465753425,
        215.75342465753425,
        215.75342465753425,
        258.9041095890411,
        129.45205479452056,
        345.2054794520548,
        215.75342465753425,
        258.9041095890411,
        0.0,
        215.75342465753425,
        0.0,
        215.75342465753425,
        215.75342465753425,
        43.15068493150685,
        215.75342465753425,
        258.9041095890411,
        258.9041095890411,
        43.15068493150685,
        258.9041095890411,
        0.0,
        43.15068493150685,
        215.75342465753425,
        258.9041095890411,
        0.0,
        258.9041095890411,
        0.0,
        215.75342465753425,
        258.9041095890411,
        43.15068493150685,
        215.75342465753425,
        43.15068493150685,
        215.75342465753425,
        43.15068493150685,
        215.75342465753425,
        0.0,
        215.75342465753425,
        0.0,
        43.15068493150685,
        172.6027397260274,
        215.75342465753425,
        258.9041095890411,
        215.75342465753425,
        215.75342465753425,
        258.9041095890411,
        215.75342465753425,
        0.0,
        43.15068493150685,
        215.75342465753425,
        0.0,
        0.0,
        43.15068493150685,
        215.75342465753425,
        43.15068493150685,
        172.6027397260274,
        215.75342465753425,
        43.15068493150685,
        215.75342465753425,
        43.15068493150685,
        258.9041095890411,
        0.0,
        43.15068493150685,
        215.75342465753425,
        258.9041095890411,
        0.0,
        43.15068493150685,
        215.75342465753425,
        258.9041095890411,
        0.0,
        43.15068493150685,
        258.9041095890411,
        0.0,
        43.15068493150685,
        215.75342465753425,
        258.9041095890411,
        43.15068493150685,
        258.9041095890411,
        172.6027397260274,
        215.75342465753425,
        258.9041095890411,
        215.75342465753425,
        258.9041095890411,
        215.75342465753425,
        172.6027397260274,
        215.75342465753425,
        258.9041095890411,
        215.75342465753425,
        215.75342465753425,
        43.15068493150685,
        215.75342465753425,
        258.9041095890411,
        0.0,
        0.0,
        43.15068493150685,
        0.0,
        86.3013698630137,
        0.0,
        43.15068493150685,
        215.75342465753425,
        43.15068493150685,
        172.6027397260274,
        215.75342465753425,
        43.15068493150685,
        215.75342465753425,
        215.75342465753425,
        215.75342465753425,
        258.9041095890411,
        215.75342465753425,
        86.3013698630137,
        172.6027397260274,
        215.75342465753425,
        0.0,
        215.75342465753425,
        258.9041095890411,
        215.75342465753425,
        258.9041095890411,
        43.15068493150685,
        215.75342465753425,
        0.0,
        215.75342465753425,
        0.0,
        0.0,
        215.75342465753425,
        0.0,
        43.15068493150685,
        258.9041095890411,
        43.15068493150685,
        215.75342465753425,
        43.15068493150685,
        258.9041095890411,
        0.0,
        172.6027397260274,
        215.75342465753425,
        43.15068493150685,
        215.75342465753425,
        215.75342465753425,
        215.75342465753425,
        215.75342465753425,
        0.0,
        43.15068493150685,
        215.75342465753425,
        0.0,
        172.6027397260274,
        215.75342465753425,
        0.0,
        215.75342465753425,
        258.9041095890411,
        0.0,
        215.75342465753425,
        0.0,
        43.15068493150685,
        215.75342465753425,
        345.2054794520548,
        0.0,
        43.15068493150685,
        172.6027397260274,
        215.75342465753425,
        258.9041095890411,
        258.9041095890411,
        43.15068493150685,
        172.6027397260274,
        215.75342465753425,
        172.6027397260274,
        258.9041095890411,
        43.15068493150685,
        215.75342465753425,
        215.75342465753425,
        0.0,
        43.15068493150685,
        0.0,
        43.15068493150685,
        215.75342465753425,
        258.9041095890411,
        215.75342465753425,
        258.9041095890411,
        0.0,
        215.75342465753425,
        0.0,
        43.15068493150685,
        172.6027397260274,
        215.75342465753425,
        0.0,
        215.75342465753425,
        43.15068493150685,
        215.75342465753425,
        215.75342465753425,
        258.9041095890411,
        43.15068493150685,
        215.75342465753425,
        258.9041095890411,
        215.75342465753425,
        258.9041095890411,
        215.75342465753425,
        0.0,
        43.15068493150685,
        0.0,
        43.15068493150685,
        172.6027397260274,
        215.75342465753425,
        215.75342465753425,
        0.0,
        43.15068493150685,
        86.3013698630137,
        215.75342465753425,
        258.9041095890411,
        43.15068493150685,
        86.3013698630137,
        215.75342465753425,
        43.15068493150685,
        172.6027397260274,
        0.0,
        172.6027397260274,
        215.75342465753425,
        0.0,
        215.75342465753425,
        0.0,
        258.9041095890411,
        0.0,
        215.75342465753425,
        258.9041095890411,
        215.75342465753425,
        43.15068493150685,
        86.3013698630137,
        215.75342465753425,
        0.0,
        215.75342465753425,
        258.9041095890411,
        0.0,
        43.15068493150685,
        215.75342465753425,
        43.15068493150685,
        215.75342465753425,
        215.75342465753425,
        258.9041095890411,
        43.15068493150685,
        215.75342465753425,
        43.15068493150685,
        215.75342465753425,
        258.9041095890411,
